sigma,tau,rho,v,v_t,v_e,e,e_s,e_m,delta,A,L,baseline_bpc
0.14968350647709217,4.5,0.8518518518518519,41,27,14,68,54,14,2,892,153.2654519824941,222.42227505728505
