time_threshold,avg_reachable_stations,median_reachable,reachability_pct,max_travel_time,reachable_area_km2,sme
20,86.72941176470589,97,51.01730103806228,73.0,105.99983026289887,2662.6962647705723
30,134.2235294117647,149,78.95501730103807,73.0,159.0120827872244,3994.3543101986124
45,162.9764705882353,167,95.86851211072664,73.0,309.4036274883351,7772.16228720709
60,169.24705882352941,170,99.55709342560553,73.0,373.7321500180937,9388.082956451317
75,170.0,170,100.0,73.0,376.5603467197092,9459.126738075784
90,170.0,170,100.0,73.0,376.5603467197092,9459.126738075784
120,170.0,170,100.0,73.0,376.5603467197092,9459.126738075784
