time_threshold,avg_reachable_stations,median_reachable,reachability_pct,max_travel_time,reachable_area_km2,sme
20,36.74045801526717,37,28.0461511566925,100.0,92.54000994564696,0.10747161749776325
30,65.13740458015268,70,49.72320960316998,100.0,60.40363833330709,0.0701499461502465
45,102.95419847328245,108,78.59099120097896,100.0,182.53514593285826,0.21198773800777324
60,121.4885496183206,129,92.73935085367985,100.0,262.61586216473455,0.30498971746373044
